state,total_stations,pm25_average,pm10_average
Delhi,38,358.5,299.9
Chandigarh,3,322.3,219.0
Bihar,31,290.1,253.8
Tripura,1,289.0,228.0
Himachal Pradesh,1,262.0,205.0
Odisha,18,225.7,161.8
West Bengal,15,219.8,166.7
Uttar Pradesh,50,198.0,165.3
Rajasthan,45,194.0,168.7
Haryana,29,187.3,150.8
Assam,9,184.3,162.2
Uttarakhand,3,158.0,125.0
Madhya Pradesh,26,149.1,129.4
Punjab,8,139.3,137.6
Maharashtra,80,127.8,127.7
Manipur,1,119.0,
Gujarat,16,114.5,102.6
Nagaland,1,111.0,92.0
Andhra Pradesh,9,97.6,83.1
Tamilnadu,20,88.9,89.8
Chhattisgarh,13,82.8,111.3
Telangana,12,73.8,85.5
Kerala,6,66.0,62.5
Karnataka,38,58.8,72.5
Puducherry,1,57.0,58.0
Mizoram,1,46.0,60.0
Jammu And Kashmir,1,,
Jharkhand,1,,
Meghalaya,1,,77.0
Sikkim,1,,45.0
